number,name,red,green,blue,hex,similar
Ecru,Ecru/off-white,240.0,234.0,218.0,f0eada,"['3774', '772', '822', '3024', '543', '948', '677', '3072', '3770', '762']"
Blanc,White,255.0,255.0,255.0,#FFFFFF,"['B5200', 'White', '712', '3865', '3756', '746', '3866', '27', '819', '747']"
White,White,252.0,251.0,248.0,fcfbf8,"['B5200', '3865', '712', '3866', '746', '3756', '819', '3823', '747', '3770']"
B5200,Snow White,255.0,255.0,255.0,ffffff,"['White', '712', '3865', '746', '3756', '3866', '819', '747', '3823', '3770']"
1,White Tin,227.0,227.0,230.0,#E3E3E6,"['3072', '928', '3753', '3024', '23', '762', '24', '775', 'Ecru', '162']"
2,Tin,215.0,215.0,216.0,#D7D7D8,"['415', '168', '3743', '644', '453', '3033', '3752', '928', '25', '153']"
3,Tin - Medium,184.0,184.0,187.0,#B8B8BB,"['648', '452', '4', '340', '318', '932', '927', '524', '210', '3813']"
4,Tin - Dark,174.0,174.0,177.0,#AEAEB1,"['318', '648', '3', '452', '3042', '926', '647', '340', '932', '523']"
5,Driftwood - Light,227.0,204.0,190.0,#E3CCBE,"['6', '3047', '950', '453', '3033', '644', '754', '613', '3779', '3743']"
6,Driftwood - Medium Light,220.0,198.0,184.0,#DCC6B8,"['5', '613', '778', '453', '3047', '3782', '224', '950', '3348', '644']"
7,Driftwood,143.0,123.0,110.0,#8F7B6E,"['451', '646', '640', '3041', '840', '3022', '3052', '611', '169', '3011']"
8,Driftwood - Dark,106.0,80.0,70.0,#6A5046,"['3781', '839', '779', '3802', '3787', '610', '838', '3051', '413', '315']"
9,Cocoa - Very Dark,85.0,32.0,20.0,#552014,"['898', '3857', '801', '154', '938', '300', '3031', '35', '934', '814']"
10,Tender Green - Very Light,237.0,254.0,217.0,#EDFED9,"['Ecru', '3078', '3823', '772', '677', '3024', '746', '3770', '762', '3072']"
11,Tender Green - Light,226.0,237.0,181.0,#E2EDB5,"['165', '14', '15', '369', '3047', '677', '727', '3348', '745', '739']"
12,Tender Green,205.0,217.0,154.0,#CDD99A,"['472', '15', '3348', '524', '676', '613', '164', '3046', '3782', '842']"
13,Nile Green - Medium Light,191.0,246.0,224.0,#BFF6E0,"['828', '3811', '827', '3841', '964', '504', '369', '775', '3753', '3761']"
14,Apple Green - Pale,208.0,251.0,178.0,#D0FBB2,"['15', '11', '369', '3348', '165', '472', '164', '504', '12', '772']"
15,Apple Green,209.0,237.0,164.0,#D1EDA4,"['472', '14', '12', '11', '3348', '164', '165', '524', '676', '369']"
16,Chartreuse - Light,201.0,194.0,88.0,#C9C258,"['733', '3820', '166', '833', '734', '18', '728', '907', '371', '729']"
17,Yellow Plum - Light,229.0,226.0,114.0,#E5E272,"['3819', '18', '3821', '743', '907', '19', '726', '834', '307', '472']"
18,Yellow Plum,217.0,213.0,109.0,#D9D56D,"['17', '3819', '907', '3821', '834', '734', '16', '3820', '728', '19']"
19,Autumn Gold - Medium Light,247.0,201.0,95.0,#F7C95F,"['742', '726', '3821', '743', '3827', '3854', '728', '3820', '725', '18']"
20,Shrimp,247.0,175.0,147.0,#F7AF93,"['3341', '758', '3825', '352', '437', '3771', '760', '152', '402', '3688']"
21,Alizarian - Light,215.0,153.0,130.0,#D79982,"['3778', '422', '962', '223', '152', '3064', '612', '3712', '372', '833']"
22,Alizarian,188.0,96.0,78.0,#BC604E,"['3830', '356', '3773', '435', '3722', '3772', '3826', '3721', '420', '167']"
23,Apple Blossom,237.0,226.0,237.0,#EDE2ED,"['762', '3024', '3072', '1', '24', '27', '3753', '928', 'Ecru', '3713']"
24,White Lavender,224.0,215.0,238.0,#E0D7EE,"['25', '3747', '3753', '1', '928', '211', '23', '26', '3072', '3841']"
25,Lavender - Ultra Light,218.0,210.0,233.0,#DAD2E9,"['26', '24', '3747', '211', '3753', '2', '928', '3841', '1', '415']"
26,Lavender - Pale,215.0,202.0,230.0,#D7CAE6,"['25', '211', '3747', '24', '415', '3743', '2', '153', '3752', '159']"
27,White Violet,240.0,238.0,249.0,#F0EEF9,"['762', '3756', '3865', '3866', '23', 'White', '747', '3024', '819', '3072']"
28,Eggplant - Medium Light,144.0,134.0,169.0,#9086A9,"['155', '209', '3839', '30', '161', '414', '160', '799', '794', '793']"
29,Eggplant,103.0,64.0,118.0,#674076,"['3837', '327', '333', '552', '3834', '34', '792', '158', '3740', '31']"
30,Blueberry - Medium Light,125.0,119.0,165.0,#7D77A5,"['161', '793', '3746', '3839', '28', '931', '799', '414', '169', '3838']"
31,Blueberry,80.0,81.0,141.0,#50518D,"['792', '333', '798', '3807', '158', '930', '824', '312', '32', '3838']"
32,Blueberry - Dark,77.0,46.0,138.0,#4D2E8A,"['31', '29', '327', '3837', '333', '158', '791', '336', '792', '930']"
33,Fuchsia,156.0,89.0,156.0,#9C599C,"['553', '3835', '208', '209', '3041', '3746', '30', '316', '3607', '28']"
34,Fuchsia - Dark,125.0,48.0,100.0,#7D3064,"['552', '3834', '3837', '327', '315', '29', '718', '3802', '777', '221']"
35,Fuchsia - Very Dark,70.0,5.0,45.0,#46052D,"['154', '9', '938', '550', '898', '3857', '3031', '3371', '814', '934']"
150,Red - Bright,171.0,2.0,73.0,ab0249,"['917', '498', '304', '915', '816', '718', '817', '3831', '349', '3685']"
151,Pink,240.0,206.0,212.0,f0ced4,"['153', '3779', '3708', '950', '963', '3033', '353', '761', '3774', '211']"
152,Tawny - Dark,226.0,160.0,153.0,e2a099,"['758', '3354', '3688', '3733', '962', '3833', '352', '3727', '3341', '437']"
153,Lilac,230.0,204.0,217.0,e6ccd9,"['211', '151', '3743', '3033', '415', '644', '453', '822', '168', '950']"
154,Red - Very Dark,87.0,36.0,51.0,572433,"['3031', '550', '3857', '898', '801', '838', '3799', '3021', '902', '844']"
155,Forget-me-not Blue,152.0,145.0,182.0,9891b6,"['160', '794', '809', '209', '926', '3839', '318', '340', '3836', '799']"
156,Blue - Medium,163.0,174.0,209.0,a3aed1,"['932', '340', '3755', '809', '813', '3840', '598', '341', '794', '160']"
157,Blue - Light,187.0,195.0,217.0,bbc3d9,"['341', '800', '3840', '159', '927', '3752', '3325', '813', '168', '3761']"
158,Blue - Dark,76.0,82.0,110.0,4c526e,"['930', '791', '792', '333', '3750', '413', '924', '3808', '803', '3842']"
159,Petrol Blue - Light,199.0,202.0,215.0,c7cad7,"['3752', '800', '168', '157', '415', '927', '3743', '341', '453', '3325']"
160,Petrol Blue - Medium,153.0,159.0,183.0,999fb7,"['155', '794', '926', '809', '318', '340', '932', '156', '3755', '3042']"
161,Petrol Blue - Dark,120.0,128.0,164.0,7880a4,"['793', '3839', '931', '799', '3746', '414', '169', '3838', '322', '155']"
162,Baby Blue - Light,219.0,236.0,245.0,dbecf5,"['775', '3753', '3072', '762', '928', '747', '3841', '3024', '828', '3747']"
163,Green,77.0,131.0,97.0,4d8361,"['3815', '991', '562', '502', '505', '367', '924', '3814', '320', '3850']"
164,Green - Light,200.0,216.0,184.0,c8d8b8,"['3348', '524', '966', '504', '3813', '927', '453', '168', '644', '613']"
165,Green - Bright,239.0,244.0,164.0,eff4a4,"['727', '745', '744', '3822', '472', '445', '3855', '677', '739', '3856']"
166,Lime Green,192.0,200.0,64.0,c0c840,"['733', '704', '581', '729', '3852', '3820', '832', '907', '3012', '833']"
167,Khaki Brown,167.0,124.0,73.0,a77c49,"['420', '435', '3772', '3773', '3826', '3863', '611', '840', '831', '830']"
168,Silver Gray,209.0,209.0,209.0,d1d1d1,"['415', '3743', '453', '159', '3752', '644', '504', '3033', '927', '800']"
169,Pewter Gray,132.0,132.0,132.0,848484,"['414', '646', '3022', '451', '3041', '3052', '3768', '522', '3861', '161']"
208,Lavender - Very Dark,131.0,91.0,139.0,835b8b,"['3835', '3746', '3041', '553', '3807', '169', '646', '317', '451', '3740']"
209,Lavender - Dark,163.0,123.0,167.0,a37ba7,"['155', '3836', '553', '414', '3042', '3861', '160', '161', '3839', '316']"
210,Lavender - Medium,195.0,159.0,195.0,c39fc3,"['340', '452', '3836', '3042', '3727', '648', '554', '778', '318', '156']"
211,Lavender - Light,227.0,203.0,227.0,e3cbe3,"['153', '3743', '151', '415', '3747', '928', '3753', '168', '3033', '453']"
221,Shell Pink - Very Dark,136.0,62.0,67.0,883e43,"['777', '3858', '315', '355', '3802', '632', '902', '3721', '869', '3834']"
223,Shell Pink - Light,204.0,132.0,124.0,cc847c,"['3778', '3064', '3859', '961', '316', '612', '422', '3687', '3045', '962']"
224,Shell Pink - Very Light,235.0,183.0,175.0,ebb7af,"['3771', '760', '3688', '778', '3354', '957', '3326', '613', '776', '3727']"
225,Shell Pink - Ultra Very Light,255.0,223.0,213.0,ffdfd5,"['967', '818', '951', '963', '948', '353', '3774', '3713', '543', '739']"
300,Mahogany - Very Dark,111.0,47.0,0.0,6f2f00,"['918', '801', '3857', '433', '400', '3777', '898', '975', '814', '815']"
301,Mahogany - Medium,179.0,95.0,43.0,b35f2b,"['3826', '781', '920', '782', '921', '3830', '434', '420', '780', '435']"
304,Red - Medium,183.0,31.0,51.0,b71f33,"['347', '321', '498', '3831', '349', '817', '326', '150', '816', '3803']"
307,Lemon,253.0,237.0,84.0,fded54,"['726', '3819', '725', '743', '742', '3821', '445', '907', '3827', '744']"
309,Rose - Dark,214.0,43.0,91.0,d62b5b,"['600', '601', '3804', '666', '321', '350', '3801', '3350', '3831', '602']"
310,Black,0.0,0.0,0.0,000000,"['3371', '938', '934', '890', '898', '895', '500', '3345', '939', '699']"
311,Blue - Medium,28.0,80.0,102.0,1c5066,"['796', '336', '797', '803', '3750', '820', '823', '3808', '3842', '909']"
312,Baby Blue - Very Dark,53.0,102.0,139.0,35668b,"['824', '3842', '517', '798', '803', '3809', '3765', '3808', '3847', '930']"
315,Antique Mauve - Medium Dark,129.0,73.0,82.0,814952,"['221', '3802', '3860', '3740', '3834', '610', '777', '3858', '632', '552']"
316,Antique Mauve - Medium,183.0,115.0,127.0,b7737f,"['3859', '3687', '961', '3861', '223', '553', '3722', '407', '3064', '3041']"
317,Pewter Gray,108.0,108.0,108.0,6c6c6c,"['645', '924', '535', '3740', '3768', '520', '3790', '3860', '640', '333']"
318,Steel Gray - Light,171.0,171.0,171.0,ababab,"['647', '3042', '648', '926', '523', '3023', '452', '160', '340', '3817']"
319,Pistachio Green - Very Dark,32.0,95.0,46.0,205f2e,"['3818', '890', '3345', '561', '909', '500', '986', '3346', '699', '700']"
320,Pistachio Green - Medium,105.0,136.0,90.0,69885a,"['988', '3363', '3347', '367', '502', '163', '520', '3364', '562', '469']"
321,Red,199.0,43.0,59.0,c72b3b,"['347', '304', '3831', '349', '326', '666', '309', '3803', '350', '600']"
322,Baby Blue,90.0,143.0,184.0,5a8fb8,"['518', '597', '826', '799', '807', '825', '334', '931', '3810', '806']"
326,Rose - Very Dark,179.0,59.0,75.0,b33b4b,"['3831', '3803', '3721', '3830', '3350', '321', '3858', '777', '347', '355']"
327,Violet,99.0,54.0,102.0,633666,"['3837', '3834', '552', '791', '3802', '333', '158', '413', '550', '779']"
333,Blue Violet - Very Dark,92.0,84.0,120.0,5c5478,"['792', '158', '930', '924', '3807', '317', '3837', '791', '413', '327']"
334,Baby Blue - Medium,115.0,159.0,193.0,739fc1,"['826', '799', '807', '519', '597', '794', '3839', '322', '809', '992']"
335,Rose,238.0,84.0,110.0,ee546e,"['3801', '891', '602', '3832', '351', '3328', '3805', '3731', '350', '899']"
336,Blue,37.0,59.0,115.0,253b73,"['823', '796', '797', '311', '803', '820', '3750', '791', '939', '158']"
340,Blue Violet - Medium,173.0,167.0,199.0,ada7c7,"['156', '932', '210', '809', '160', '318', '3755', '3840', '794', '926']"
341,Blue Violet - Light,183.0,191.0,221.0,b7bfdd,"['157', '3840', '800', '159', '3325', '927', '813', '3752', '3761', '156']"
347,Salmon - Very Dark,191.0,45.0,45.0,bf2d2d,"['321', '304', '3831', '326', '498', '349', '817', '666', '919', '355']"
349,Coral - Dark,210.0,16.0,53.0,d21035,"['666', '321', '304', '817', '347', '498', '150', '309', '3831', '600']"
350,Coral - Medium,224.0,72.0,72.0,e04848,"['3801', '309', '321', '3832', '608', '3830', '600', '335', '666', '602']"
351,Coral,233.0,106.0,103.0,e96a67,"['3328', '335', '3832', '961', '891', '3731', '3801', '3687', '3340', '899']"
352,Coral - Light,253.0,156.0,151.0,fd9c97,"['956', '3341', '893', '758', '152', '3806', '760', '3712', '3833', '3733']"
353,Peach,254.0,215.0,204.0,fed7cc,"['963', '951', '967', '225', '3824', '761', '739', '3779', '3708', '818']"
355,Terra Cotta - Dark,152.0,68.0,54.0,984436,"['3858', '221', '777', '632', '434', '3721', '3777', '869', '326', '315']"
356,Terra Cotta - Medium,197.0,106.0,91.0,c56a5b,"['3722', '3773', '3687', '407', '435', '961', '3830', '976', '3328', '3832']"
367,Pistachio Green - Dark,97.0,122.0,82.0,617a52,"['520', '320', '3362', '3363', '987', '3051', '535', '988', '163', '645']"
368,Pistachio Green - Light,166.0,194.0,152.0,a6c298,"['523', '3817', '563', '564', '3023', '955', '647', '318', '3013', '954']"
369,Pistachio Green - Very Light,215.0,237.0,204.0,d7edcc,"['772', '822', '644', '3033', '504', '928', '415', 'Ecru', '543', '168']"
370,Mustard - Medium,184.0,157.0,100.0,b89d64,"['3045', '371', '3828', '832', '612', '3012', '3064', '833', '831', '841']"
371,Mustard,191.0,166.0,113.0,bfa671,"['833', '422', '612', '370', '3045', '841', '3064', '3013', '734', '372']"
372,Mustard - Light,204.0,183.0,132.0,ccb784,"['734', '834', '3013', '3864', '3046', '437', '422', '833', '371', '842']"
400,Mahogany - Dark,143.0,67.0,15.0,8f430f,"['975', '918', '919', '433', '3777', '920', '780', '355', '300', '801']"
402,Mahogany - Very Light,247.0,167.0,119.0,f7a777,"['3854', '722', '3827', '728', '3341', '352', '956', '437', '3712', '3820']"
407,Desert Sand - Dark,187.0,129.0,97.0,bb8161,"['3828', '3773', '3722', '3064', '3045', '3863', '831', '356', '435', '436']"
413,Pewter Gray - Dark,86.0,86.0,86.0,565656,"['3787', '535', '3051', '779', '844', '3021', '158', '791', '3362', '839']"
414,Steel Gray - Dark,140.0,140.0,140.0,8c8c8c,"['169', '3022', '522', '3861', '646', '3053', '451', '642', '161', '3041']"
415,Pearl Gray,211.0,211.0,214.0,d3d3d6,"['168', '3743', '453', '3752', '159', '644', '3033', '153', '504', '800']"
420,Hazelnut Brown - Dark,160.0,112.0,66.0,a07042,"['3772', '167', '3826', '830', '611', '434', '3862', '435', '3773', '840']"
422,Hazelnut Brown - Light,198.0,159.0,123.0,c69f7b,"['612', '371', '841', '833', '3064', '3045', '3859', '3032', '372', '370']"
433,Brown - Medium,122.0,69.0,31.0,7a451f,"['3777', '801', '400', '918', '975', '632', '3857', '869', '355', '221']"
434,Brown - Light,152.0,94.0,51.0,985e33,"['632', '869', '3858', '420', '780', '355', '781', '301', '3826', '829']"
435,Brown - Very Light,184.0,119.0,72.0,b87748,"['3773', '976', '167', '3826', '420', '356', '407', '3776', '3772', '3722']"
436,Tan,203.0,144.0,81.0,cb9051,"['832', '977', '976', '3828', '407', '729', '3852', '3045', '370', '3064']"
437,Tan - Light,228.0,187.0,142.0,e4bb8e,"['3046', '834', '676', '758', '738', '372', '3825', '842', '3864', '152']"
444,Lemon - Dark,255.0,214.0,0.0,ffd600,"['973', '972', '725', '741', '740', '970', '726', '307', '971', '742']"
445,Lemon - Light,255.0,251.0,139.0,fffb8b,"['744', '165', '3822', '727', '745', '3855', '743', '472', '3819', '3821']"
451,Shell Gray - Dark,145.0,123.0,115.0,917b73,"['646', '3041', '640', '3022', '169', '840', '3052', '3861', '611', '414']"
452,Shell Gray - Medium,192.0,179.0,174.0,c0b3ae,"['648', '3864', '3782', '842', '318', '3042', '524', '647', '3023', '3727']"
453,Shell Gray - Light,215.0,206.0,203.0,d7cecb,"['3743', '168', '644', '415', '3033', '159', '3047', '153', '3752', '950']"
469,Avocado Green,114.0,132.0,60.0,72843c,"['730', '580', '3363', '905', '937', '829', '367', '320', '988', '520']"
470,Avocado Green - Light,148.0,171.0,79.0,94ab4f,"['3012', '703', '581', '3364', '906', '3011', '831', '3052', '989', '732']"
471,Avocado Green - Very Light,174.0,191.0,121.0,aebf79,"['3013', '734', '371', '368', '372', '523', '3053', '833', '3023', '3032']"
472,Avocado Green - Ultra Light,216.0,228.0,152.0,d8e498,"['676', '3348', '165', '3822', '738', '524', '613', '164', '3855', '744']"
498,Red - Dark,167.0,19.0,43.0,a7132b,"['816', '304', '817', '3685', '150', '347', '815', '3831', '321', '902']"
500,Blue Green - Very Dark,4.0,77.0,51.0,044d33,"['3818', '890', '319', '699', '3345', '909', '700', '820', '561', '939']"
501,Blue Green - Dark,57.0,111.0,82.0,396f52,"['3815', '561', '3346', '505', '3808', '163', '991', '987', '910', '3750']"
502,Blue Green,91.0,144.0,113.0,5b9071,"['562', '3814', '3768', '163', '3816', '320', '991', '3347', '988', '913']"
503,Blue Green - Medium,123.0,172.0,148.0,7bac94,"['992', '954', '563', '913', '3816', '989', '414', '522', '3839', '3053']"
504,Blue Green - Very Light,196.0,222.0,204.0,c4decc,"['966', '168', '3752', '927', '415', '164', '159', '369', '453', '3813']"
505,Grass Green - Dark,51.0,131.0,98.0,338362,"['3847', '3850', '991', '3815', '163', '501', '3808', '910', '911', '3812']"
517,Wedgewood - Dark,59.0,118.0,143.0,3b768f,"['3765', '3809', '824', '798', '312', '3760', '3842', '3812', '825', '3847']"
518,Wedgewood - Light,79.0,147.0,167.0,4f93a7,"['3810', '806', '825', '322', '3848', '3760', '597', '931', '3849', '3851']"
519,Sky Blue,126.0,177.0,200.0,7eb1c8,"['3755', '334', '809', '598', '794', '826', '807', '993', '932', '160']"
520,Fern Green - Dark,102.0,109.0,79.0,666d4f,"['3362', '3051', '535', '367', '3787', '645', '987', '610', '3363', '3781']"
522,Fern Green,150.0,158.0,126.0,969e7e,"['3053', '989', '642', '3022', '414', '3861', '3052', '3032', '841', '169']"
523,Fern Green - Light,171.0,177.0,151.0,abb197,"['3023', '647', '368', '318', '3032', '3013', '648', '3042', '3053', '926']"
524,Fern Green - Very Light,196.0,205.0,172.0,c4cdac,"['3348', '164', '3782', '966', '842', '613', '3813', '648', '452', '3864']"
535,Ash Gray - Very Light,99.0,100.0,88.0,636458,"['3787', '645', '520', '3051', '3362', '413', '367', '924', '317', '3781']"
543,Beige Brown - Ultra Very Light,242.0,227.0,206.0,f2e3ce,"['739', '3774', '677', '822', '951', 'Ecru', '225', '967', '353', '948']"
550,Violet - Very Dark,92.0,24.0,78.0,5c184e,"['154', '327', '3834', '915', '3802', '902', '3837', '3799', '779', '844']"
552,Violet - Medium,128.0,58.0,107.0,803a6b,"['3834', '3837', '315', '327', '3740', '718', '3802', '3860', '221', '777']"
553,Violet,163.0,99.0,139.0,a3638b,"['3835', '3041', '316', '208', '209', '451', '3861', '3726', '3607', '646']"
554,Violet - Light,219.0,179.0,203.0,dbb3cb,"['778', '3743', '3727', '453', '3609', '3608', '153', '168', '210', '224']"
561,Jade - Very Dark,44.0,106.0,69.0,2c6a45,"['501', '3346', '909', '319', '3818', '910', '3815', '986', '505', '3750']"
562,Jade - Medium,83.0,151.0,106.0,53976a,"['502', '3814', '163', '3816', '991', '320', '3347', '943', '913', '3850']"
563,Jade - Light,143.0,192.0,152.0,8fc098,"['954', '3817', '368', '993', '503', '926', '523', '564', '955', '992']"
564,Jade - Very Light,167.0,205.0,175.0,a7cdaf,"['955', '3817', '3813', '368', '966', '993', '524', '648', '932', '926']"
580,Moss Green - Dark,136.0,141.0,51.0,888d33,"['731', '732', '730', '469', '830', '3011', '829', '906', '905', '420']"
581,Moss Green,167.0,174.0,56.0,a7ae38,"['733', '470', '704', '166', '3012', '832', '732', '731', '906', '3852']"
597,Turquoise,91.0,163.0,179.0,5ba3b3,"['807', '826', '322', '518', '3849', '334', '3851', '992', '799', '806']"
598,Turquoise - Light,144.0,195.0,204.0,90c3cc,"['3755', '3766', '813', '932', '993', '519', '809', '156', '3840', '3817']"
600,Cranberry - Very Dark,205.0,47.0,99.0,cd2f63,"['601', '309', '3350', '3804', '3803', '602', '3801', '326', '3831', '321']"
601,Cranberry - Dark,209.0,40.0,106.0,d1286a,"['600', '309', '3804', '3350', '602', '3801', '3803', '666', '3831', '3832']"
602,Cranberry - Medium,226.0,72.0,116.0,e24874,"['3801', '3832', '335', '3805', '3804', '891', '3731', '3607', '600', '351']"
603,Cranberry - Light Medium,255.0,164.0,190.0,ffa4be,"['3706', '604', '776', '3326', '894', '957', '760', '3608', '3716', '3609']"
604,Cranberry - Light,255.0,176.0,190.0,ffb0be,"['894', '3706', '776', '957', '3326', '603', '3716', '3689', '760', '605']"
605,Cranberry - Very Light,255.0,192.0,205.0,ffc0cd,"['761', '3689', '3779', '3708', '3716', '3824', '754', '151', '604', '3609']"
606,Orange-red - Bright,250.0,50.0,3.0,fa3203,"['946', '720', '900', '608', '666', '349', '347', '921', '321', '922']"
608,Orange - Bright,253.0,93.0,53.0,fd5d35,"['721', '720', '947', '922', '350', '946', '3776', '351', '970', '3801']"
610,Drab Brown - Dark,121.0,96.0,71.0,796047,"['829', '3860', '3781', '869', '3790', '839', '632', '3862', '645', '520']"
611,Drab Brown,150.0,118.0,86.0,967656,"['840', '830', '3772', '3862', '3863', '640', '167', '420', '3011', '3790']"
612,Drab Brown - Light,188.0,154.0,120.0,bc9a78,"['841', '422', '371', '3045', '3859', '3064', '370', '3032', '833', '642']"
613,Drab Brown - Very Light,220.0,196.0,170.0,dcc4aa,"['3782', '842', '3046', '224', '738', '676', '778', '3771', '524', '3864']"
632,Desert Sand - Ultra Very Dark,135.0,85.0,57.0,875539,"['869', '3858', '434', '610', '355', '221', '829', '315', '3781', '3860']"
640,Beige Gray - Very Dark,133.0,123.0,97.0,857b61,"['3011', '646', '611', '840', '451', '3790', '3363', '3862', '830', '3052']"
642,Beige Gray - Dark,164.0,152.0,120.0,a49878,"['522', '3053', '3861', '841', '3022', '612', '3032', '3859', '989', '3045']"
644,Beige Gray - Medium,221.0,216.0,203.0,ddd8cb,"['3033', '453', '3047', '168', '415', '822', '3743', '950', '153', '369']"
645,Beaver Gray - Very Dark,110.0,101.0,92.0,6e655c,"['535', '520', '317', '3860', '3740', '3787', '3790', '610', '3051', '367']"
646,Beaver Gray - Dark,135.0,125.0,115.0,877d73,"['451', '640', '169', '3022', '3041', '3052', '414', '840', '3011', '317']"
647,Beaver Gray - Medium,176.0,166.0,156.0,b0a69c,"['3023', '523', '3042', '318', '3032', '648', '3836', '452', '368', '926']"
648,Beaver Gray - Light,188.0,180.0,172.0,bcb4ac,"['452', '318', '3864', '3042', '3782', '647', '842', '3023', '524', '523']"
666,Red - Bright,227.0,29.0,66.0,e31d42,"['349', '309', '321', '350', '600', '347', '601', '304', '3831', '3804']"
676,Old Gold - Light,229.0,206.0,151.0,e5ce97,"['738', '437', '3855', '3822', '3046', '613', '472', '3825', '842', '3782']"
677,Old Gold - Very Light,245.0,236.0,203.0,f5eccb,"['739', '543', '951', '3078', 'Ecru', '3774', '948', '822', '225', '772']"
680,Old Gold - Dark,188.0,141.0,14.0,bc8d0e,"['3829', '783', '782', '781', '921', '3852', '922', '3776', '3826', '976']"
699,Green,5.0,101.0,23.0,056517,"['700', '3345', '890', '319', '895', '500', '3818', '909', '561', '934']"
700,Green - Bright,7.0,115.0,27.0,07731b,"['699', '3345', '319', '3818', '500', '890', '895', '909', '561', '910']"
701,Green - Light,63.0,143.0,41.0,3f8f29,"['702', '904', '905', '3346', '987', '937', '561', '501', '3815', '469']"
702,Kelly Green,71.0,167.0,47.0,47a72f,"['701', '905', '904', '469', '906', '703', '987', '937', '163', '562']"
703,Chartreuse,123.0,181.0,71.0,7bb547,"['906', '470', '3364', '3347', '580', '581', '988', '704', '3011', '3052']"
704,Chartreuse - Bright,158.0,207.0,52.0,9ecf34,"['581', '166', '906', '470', '733', '703', '3012', '729', '832', '732']"
712,Cream,255.0,251.0,239.0,fffbef,"['746', '3866', '3865', 'White', '3823', '819', 'B5200', '3770', '3756', '762']"
718,Plum,156.0,36.0,98.0,9c2462,"['917', '3803', '777', '3831', '552', '326', '3721', '3350', '150', '221']"
720,Orange Spice - Dark,229.0,92.0,31.0,e55c1f,"['922', '946', '900', '921', '608', '3776', '350', '721', '971', '301']"
721,Orange Spice - Medium,242.0,120.0,66.0,f27842,"['947', '3853', '608', '922', '3776', '351', '720', '977', '3328', '3340']"
722,Orange Spice - Light,247.0,151.0,111.0,f7976f,"['402', '3340', '3854', '3712', '3778', '962', '728', '956', '3827', '977']"
724,Winnie The Pooh Gold,,,,,
725,Topaz,255.0,200.0,64.0,ffc840,"['742', '726', '307', '741', '972', '3820', '3854', '3853', '728', '3821']"
726,Topaz - Light,253.0,215.0,85.0,fdd755,"['307', '742', '725', '743', '3821', '3819', '3827', '3854', '3820', '728']"
727,Topaz - Very Light,255.0,241.0,175.0,fff1af,"['745', '165', '739', '744', '677', '3856', '945', '3078', '3822', '951']"
728,Golden Yellow,228.0,180.0,104.0,e4b468,"['3820', '3854', '3827', '834', '402', '833', '977', '3821', '742', '734']"
729,Old Gold - Medium,208.0,165.0,62.0,d0a53e,"['3852', '733', '977', '832', '436', '783', '3853', '166', '976', '3820']"
730,Olive Green - Very Dark,130.0,123.0,48.0,827b30,"['580', '469', '731', '829', '732', '830', '869', '3862', '937', '905']"
731,Olive Green - Dark,147.0,139.0,55.0,938b37,"['732', '580', '730', '830', '167', '420', '469', '3011', '3826', '611']"
732,Olive Green,148.0,140.0,54.0,948c36,"['731', '580', '730', '830', '167', '420', '469', '3011', '3826', '611']"
733,Olive Green - Medium,188.0,179.0,76.0,bcb34c,"['166', '832', '729', '581', '3012', '370', '3852', '833', '436', '371']"
734,Olive Green - Light,199.0,192.0,119.0,c7c077,"['372', '3013', '834', '833', '471', '371', '422', '728', '3820', '437']"
738,Tan - Very Light,236.0,204.0,158.0,eccc9e,"['676', '3855', '3822', '613', '3771', '3825', '437', '3046', '224', '3856']"
739,Tan - Ultra Very Light,248.0,228.0,200.0,f8e4c8,"['543', '677', '951', '353', '225', '967', '3774', '818', '948', '945']"
740,Tangerine,255.0,139.0,0.0,ff8b00,"['971', '970', '946', '972', '741', '922', '783', '720', '680', '900']"
741,Tangerine - Medium,255.0,163.0,43.0,ffa32b,"['972', '3853', '970', '725', '740', '721', '729', '3852', '742', '947']"
742,Tangerine - Light,255.0,191.0,87.0,ffbf57,"['726', '725', '3854', '3827', '728', '3820', '3821', '743', '402', '3853']"
743,Yellow - Medium,254.0,211.0,118.0,fed376,"['3821', '3827', '3855', '726', '744', '3822', '742', '3825', '3819', '3854']"
744,Yellow - Pale,255.0,231.0,147.0,ffe793,"['3822', '3855', '445', '745', '165', '727', '738', '743', '676', '472']"
745,Yellow - Light Pale,255.0,233.0,173.0,ffe9ad,"['727', '165', '3856', '945', '744', '3822', '739', '677', '3855', '951']"
746,Off White,252.0,252.0,238.0,fcfcee,"['712', '3865', '3866', 'White', '3823', '819', 'B5200', '3770', '3756', '762']"
747,Sky Blue - Very Light,229.0,252.0,253.0,e5fcfd,"['3756', '162', 'White', '3865', '775', '762', '3866', 'B5200', '746', '3072']"
754,Peach - Light,247.0,203.0,191.0,f7cbbf,"['3824', '3779', '945', '761', '3689', '950', '3856', '3716', '353', '605']"
758,Terra Cotta - Very Light,238.0,170.0,155.0,eeaa9b,"['3341', '152', '3688', '760', '3354', '352', '3771', '437', '224', '3825']"
760,Salmon,245.0,173.0,173.0,f5adad,"['3326', '957', '776', '224', '3688', '3771', '894', '3706', '3354', '758']"
761,Salmon - Light,255.0,201.0,201.0,ffc9c9,"['3779', '3824', '605', '3708', '3689', '754', '353', '3716', '945', '151']"
762,Pearl Gray - Very Light,236.0,236.0,236.0,ececec,"['3024', '3072', '3866', '3865', 'Ecru', '819', '162', '775', '928', '3753']"
772,Yellow Green - Very Light,228.0,236.0,212.0,e4ecd4,"['822', 'Ecru', '369', '543', '928', '3774', '677', '3024', '3072', '3033']"
775,Baby Blue - Very Light,217.0,235.0,241.0,d9ebf1,"['162', '3753', '3072', '928', '3841', '762', '828', '3024', '3747', '747']"
776,Pink - Medium,252.0,176.0,185.0,fcb0b9,"['894', '3706', '604', '3326', '957', '603', '3716', '760', '3689', '224']"
777,Red - Deep,145.0,53.0,70.0,913546,"['221', '3858', '355', '902', '315', '3721', '3803', '3802', '718', '3831']"
778,Antique Mauve - Very Light,223.0,179.0,187.0,dfb3bb,"['3727', '554', '224', '3688', '3354', '613', '3782', '760', '3608', '3771']"
779,Brown,98.0,75.0,69.0,624b45,"['839', '3781', '838', '3802', '3021', '3787', '413', '844', '3051', '610']"
780,Topaz - Ultra Very Dark,148.0,99.0,26.0,94631a,"['781', '975', '434', '920', '782', '400', '301', '869', '919', '632']"
781,Topaz - Very Dark,162.0,109.0,32.0,a26d20,"['782', '780', '301', '434', '3826', '920', '420', '3829', '975', '730']"
782,Topaz - Dark,174.0,119.0,32.0,ae7720,"['781', '3826', '301', '3829', '680', '921', '780', '920', '420', '434']"
783,Topaz - Medium,206.0,145.0,36.0,ce9124,"['3852', '680', '3776', '729', '976', '922', '782', '970', '436', '832']"
791,Cornflower Blue - Very Dark,70.0,69.0,99.0,464563,"['3750', '158', '413', '930', '844', '327', '3799', '333', '3021', '792']"
792,Cornflower Blue - Dark,85.0,91.0,123.0,555b7b,"['333', '158', '930', '924', '3807', '798', '317', '824', '3838', '3808']"
793,Cornflower Blue - Medium,112.0,125.0,162.0,707da2,"['161', '931', '3746', '3839', '799', '3838', '3807', '322', '169', '3768']"
794,Cornflower Blue - Light,143.0,156.0,193.0,8f9cc1,"['809', '160', '155', '3755', '926', '519', '334', '156', '932', '799']"
796,Royal Blue - Dark,17.0,65.0,109.0,11416d,"['797', '311', '820', '336', '823', '939', '803', '3750', '3842', '791']"
797,Royal Blue,19.0,71.0,125.0,13477d,"['796', '336', '311', '803', '823', '820', '3842', '312', '3750', '3808']"
798,Delft Blue - Dark,70.0,106.0,142.0,466a8e,"['824', '517', '312', '3809', '3838', '3807', '3842', '3765', '792', '930']"
799,Delft Blue - Medium,116.0,142.0,182.0,748eb6,"['3839', '334', '826', '161', '322', '793', '931', '794', '597', '807']"
800,Delft Blue - Pale,192.0,204.0,222.0,c0ccde,"['3752', '159', '157', '3325', '341', '927', '3840', '415', '168', '827']"
801,Coffee Brown - Dark,101.0,57.0,25.0,653919,"['3857', '433', '300', '3031', '898', '918', '3777', '838', '154', '935']"
803,Blue - Deep,44.0,89.0,124.0,2c597c,"['3842', '312', '3808', '824', '930', '311', '797', '336', '3750', '158']"
806,Peacock Blue - Dark,61.0,149.0,165.0,3d95a5,"['3760', '3810', '518', '825', '995', '3848', '3851', '943', '958', '3765']"
807,Peacock Blue,100.0,171.0,186.0,64abba,"['597', '826', '334', '992', '3849', '322', '519', '959', '799', '518']"
809,Delft Blue,148.0,168.0,198.0,94a8c6,"['794', '3755', '160', '932', '156', '519', '340', '926', '598', '155']"
813,Blue - Light,161.0,194.0,215.0,a1c2d7,"['3766', '3840', '598', '156', '932', '3755', '341', '157', '3761', '927']"
814,Garnet - Dark,123.0,0.0,27.0,7b001b,"['815', '816', '3685', '915', '3857', '902', '3777', '498', '918', '300']"
815,Garnet - Medium,135.0,7.0,31.0,87071f,"['814', '816', '3685', '498', '915', '902', '3777', '3857', '918', '817']"
816,Garnet,151.0,11.0,35.0,970b23,"['815', '498', '3685', '814', '817', '902', '915', '3777', '304', '150']"
817,Coral Red - Very Dark,187.0,5.0,31.0,bb051f,"['498', '304', '349', '816', '347', '150', '321', '815', '3685', '666']"
818,Baby Pink,255.0,223.0,217.0,ffdfd9,"['225', '967', '948', '963', '3713', '951', '3774', '353', '543', '3770']"
819,Baby Pink - Light,255.0,238.0,235.0,ffeeeb,"['3770', '3866', '3865', '712', '746', '3713', '3823', '948', 'White', '762']"
820,Royal Blue - Very Dark,14.0,54.0,92.0,0e365c,"['796', '939', '823', '311', '336', '797', '3750', '500', '3818', '803']"
822,Beige Gray - Light,231.0,226.0,211.0,e7e2d3,"['772', '543', '3774', '3033', 'Ecru', '644', '928', '677', '739', '369']"
823,Blue - Dark,33.0,48.0,99.0,213063,"['939', '336', '820', '796', '311', '3750', '797', '791', '803', '3799']"
824,Blue - Very Dark,57.0,105.0,135.0,396987,"['312', '3842', '798', '517', '3809', '3765', '3808', '803', '3847', '930']"
825,Blue - Dark,71.0,129.0,165.0,4781a5,"['3760', '3810', '518', '806', '517', '3848', '322', '3838', '3765', '798']"
826,Blue - Medium,107.0,158.0,191.0,6b9ebf,"['334', '807', '799', '597', '322', '519', '3839', '992', '794', '518']"
827,Blue - Very Light,189.0,221.0,237.0,bddded,"['3811', '828', '3325', '3841', '3761', '3747', '800', '3752', '964', '3753']"
828,Blue - Ultra Very Light,197.0,232.0,237.0,c5e8ed,"['3841', '3811', '827', '775', '3747', '3753', '162', '928', '3325', '3752']"
829,Golden Olive - Very Dark,126.0,107.0,66.0,7e6b42,"['610', '869', '3862', '3790', '830', '730', '3860', '632', '520', '3781']"
830,Golden Olive - Dark,141.0,120.0,75.0,8d784b,"['3862', '611', '840', '829', '3790', '420', '3011', '3772', '640', '167']"
831,Golden Olive - Medium,170.0,143.0,86.0,aa8f56,"['3863', '3828', '832', '167', '370', '407', '3012', '840', '3045', '3773']"
832,Golden Olive,189.0,155.0,81.0,bd9b51,"['436', '370', '831', '3828', '733', '3045', '3012', '729', '976', '3852']"
833,Golden Olive - Light,200.0,171.0,108.0,c8ab6c,"['371', '422', '370', '734', '612', '3045', '372', '3820', '3064', '728']"
834,Golden Olive - Very Light,219.0,190.0,127.0,dbbe7f,"['372', '437', '734', '728', '3046', '3827', '3821', '676', '833', '3820']"
838,Beige Brown - Very Dark,89.0,73.0,55.0,594937,"['3021', '779', '839', '3031', '844', '3781', '936', '3799', '986', '3802']"
839,Beige Brown - Dark,103.0,85.0,65.0,675541,"['3781', '779', '3787', '3051', '838', '610', '3802', '3362', '3021', '413']"
840,Beige Brown - Medium,154.0,124.0,92.0,9a7c5c,"['611', '3863', '3772', '640', '830', '3011', '167', '451', '3862', '831']"
841,Beige Brown - Light,182.0,155.0,126.0,b69b7e,"['612', '3032', '3859', '422', '642', '371', '3045', '3064', '3861', '370']"
842,Beige Brown - Very Light,209.0,186.0,161.0,d1baa1,"['3782', '3864', '3046', '613', '452', '648', '524', '3727', '437', '372']"
844,Beaver Gray - Ultra Dark,72.0,72.0,72.0,484848,"['3021', '3799', '838', '413', '779', '986', '791', '3750', '3031', '839']"
868,Hazel Nut Brown,,,,,
869,Hazelnut Brown - Very Dark,131.0,94.0,57.0,835e39,"['632', '829', '610', '434', '3781', '3862', '3858', '730', '839', '3860']"
890,Pistachio Green - Ultra Dark,23.0,73.0,35.0,174923,"['3345', '500', '319', '3818', '934', '699', '895', '935', '986', '700']"
891,Carnation - Dark,255.0,87.0,115.0,ff5773,"['335', '3801', '3805', '351', '602', '3328', '3832', '899', '892', '3731']"
892,Carnation - Medium,255.0,121.0,140.0,ff798c,"['3705', '899', '3712', '956', '3833', '962', '3340', '3733', '893', '352']"
893,Carnation - Light,252.0,144.0,162.0,fc90a2,"['3806', '352', '956', '3833', '3733', '3705', '3341', '758', '3712', '760']"
894,Carnation - Very Light,255.0,178.0,187.0,ffb2bb,"['604', '776', '3706', '957', '3326', '3716', '603', '3689', '760', '605']"
895,Hunter Green - Very Dark,27.0,83.0,0.0,1b5300,"['3345', '699', '890', '934', '700', '319', '935', '500', '938', '3818']"
898,Coffee Brown - Very Dark,73.0,42.0,19.0,492a13,"['938', '934', '3031', '3857', '801', '154', '935', '300', '936', '838']"
899,Rose - Medium,242.0,118.0,136.0,f27688,"['892', '3705', '3712', '962', '3833', '3733', '3731', '3340', '956', '3328']"
900,Burnt Orange - Dark,209.0,88.0,7.0,d15807,"['921', '946', '720', '920', '922', '301', '919', '782', '971', '606']"
902,Garnet - Very Dark,130.0,38.0,55.0,822637,"['3685', '3777', '777', '221', '3802', '355', '3857', '815', '816', '915']"
904,Parrot Green - Very Dark,85.0,120.0,34.0,557822,"['937', '905', '987', '701', '936', '3346', '3362', '469', '3051', '986']"
905,Parrot Green - Dark,98.0,138.0,40.0,628a28,"['904', '469', '937', '701', '730', '987', '580', '702', '3362', '367']"
906,Parrot Green - Medium,127.0,179.0,53.0,7fb335,"['703', '470', '580', '581', '704', '732', '731', '469', '3364', '905']"
907,Parrot Green - Light,199.0,230.0,102.0,c7e666,"['3819', '734', '166', '471', '834', '3821', '472', '3820', '3013', '372']"
909,Emerald Green - Very Dark,21.0,111.0,73.0,156f49,"['910', '561', '3818', '319', '501', '311', '911', '505', '500', '3346']"
910,Emerald Green - Dark,24.0,126.0,86.0,187e56,"['909', '911', '505', '561', '501', '912', '3847', '3808', '3818', '3850']"
911,Emerald Green - Medium,24.0,144.0,101.0,189065,"['912', '910', '505', '3847', '3850', '3812', '909', '943', '501', '3808']"
912,Emerald Green - Light,27.0,157.0,107.0,1b9d6b,"['911', '3812', '505', '910', '3850', '3847', '943', '3765', '3809', '991']"
913,Nile Green - Medium,109.0,171.0,119.0,6dab77,"['3816', '503', '989', '502', '562', '3347', '3364', '3052', '992', '954']"
915,Plum - Dark,130.0,0.0,67.0,820043,"['3685', '815', '917', '816', '902', '814', '150', '550', '498', '718']"
917,Plum - Medium,155.0,19.0,89.0,9b1359,"['718', '150', '3803', '915', '777', '3831', '3685', '902', '498', '326']"
918,Red Copper - Dark,130.0,52.0,10.0,82340a,"['400', '300', '3777', '433', '975', '801', '3857', '919', '902', '815']"
919,Red Copper,166.0,69.0,16.0,a64510,"['920', '400', '975', '780', '301', '918', '355', '3777', '781', '921']"
920,Copper - Medium,172.0,84.0,20.0,ac5414,"['919', '301', '975', '780', '781', '921', '400', '782', '434', '900']"
921,Copper,198.0,98.0,24.0,c66218,"['900', '301', '920', '720', '782', '922', '781', '946', '3776', '919']"
922,Copper - Light,226.0,115.0,35.0,e27323,"['720', '3776', '946', '921', '721', '970', '783', '608', '971', '900']"
924,Gray Green - Very Dark,86.0,106.0,106.0,566a6a,"['317', '792', '535', '991', '930', '3815', '158', '333', '163', '645']"
926,Gray Green - Medium,152.0,174.0,174.0,98aeae,"['160', '318', '993', '3817', '809', '932', '794', '563', '523', '155']"
927,Gray Green - Light,189.0,203.0,203.0,bdcbcb,"['159', '157', '966', '800', '3752', '3813', '504', '168', '341', '3840']"
928,Gray Green - Very Light,221.0,227.0,227.0,dde3e3,"['3753', '3072', '3024', '775', '3747', '772', '822', '3841', '762', '162']"
930,Antique Blue - Dark,69.0,92.0,113.0,455c71,"['158', '792', '3808', '924', '3842', '333', '791', '803', '3750', '824']"
931,Antique Blue - Medium,106.0,133.0,158.0,6a859e,"['793', '161', '3839', '3838', '799', '3848', '3746', '518', '3768', '322']"
932,Antique Blue - Light,162.0,181.0,198.0,a2b5c6,"['156', '3755', '340', '809', '813', '598', '3840', '926', '993', '160']"
934,Avocado Green - BLACK,49.0,57.0,25.0,313919,"['935', '938', '898', '3031', '890', '986', '3345', '895', '936', '3799']"
935,Avocado Green - Dark,66.0,77.0,33.0,424d21,"['936', '986', '3031', '934', '838', '3021', '3799', '3346', '898', '844']"
936,Avocado Green - Very Dark,76.0,88.0,38.0,4c5826,"['935', '986', '838', '3031', '3346', '3021', '904', '937', '3799', '844']"
937,Avocado Green - Medium,98.0,113.0,51.0,627133,"['987', '3362', '904', '3051', '469', '905', '520', '839', '3781', '367']"
938,Coffee Brown - Ultra Dark,54.0,31.0,14.0,361f0e,"['898', '3371', '934', '3031', '154', '935', '3857', '801', '890', '895']"
939,Blue - Very Dark,27.0,40.0,83.0,1b2853,"['823', '820', '796', '336', '311', '3750', '3799', '797', '500', '791']"
943,Aquamarine - Medium,61.0,147.0,132.0,3d9384,"['3812', '3850', '3814', '3809', '3765', '3810', '3848', '3847', '517', '806']"
945,Tawny,251.0,213.0,187.0,fbd5bb,"['3856', '3824', '754', '950', '3779', '353', '761', '739', '3047', '3689']"
946,Burnt Orange - Medium,235.0,99.0,7.0,eb6307,"['720', '900', '971', '922', '921', '970', '740', '608', '606', '3776']"
947,Burnt Orange,255.0,123.0,77.0,ff7b4d,"['721', '3853', '3340', '351', '608', '722', '3328', '977', '922', '3776']"
948,Peach - Very Light,254.0,231.0,218.0,fee7da,"['818', '225', '3713', '967', '3770', '951', '3774', 'Ecru', '963', '543']"
950,Desert Sand - Light,238.0,211.0,196.0,eed3c4,"['3047', '754', '3779', '3033', '945', '151', '3824', '353', '644', '543']"
951,Tawny - Light,255.0,226.0,207.0,ffe2cf,"['225', '967', '739', '818', '353', '948', '543', '963', '3774', '677']"
954,Nile Green,136.0,186.0,145.0,88ba91,"['563', '503', '992', '3817', '368', '3053', '989', '926', '993', '522']"
955,Nile Green - Light,162.0,214.0,173.0,a2d6ad,"['564', '3817', '3813', '368', '993', '966', '524', '563', '164', '598']"
956,Geranium,255.0,145.0,145.0,ff9191,"['352', '893', '3712', '3705', '892', '3833', '962', '3733', '3341', '3806']"
957,Geranium - Pale,253.0,181.0,181.0,fdb5b5,"['776', '894', '3326', '604', '3706', '3716', '760', '3771', '3689', '224']"
958,Seagreen - Dark,62.0,182.0,161.0,3eb6a1,"['3851', '3849', '806', '959', '597', '518', '3810', '3848', '995', '943']"
959,Seagreen - Medium,89.0,199.0,180.0,59c7b4,"['3849', '807', '3851', '597', '958', '992', '826', '519', '334', '503']"
961,Dusty Rose - Dark,207.0,115.0,115.0,cf7373,"['3687', '223', '3328', '3731', '3778', '3722', '316', '356', '3064', '351']"
962,Dusty Rose - Medium,230.0,138.0,138.0,e68a8a,"['3712', '3833', '3733', '3778', '899', '956', '152', '223', '892', '3705']"
963,Dusty Rose - Ultra Very Light,255.0,215.0,215.0,ffd7d7,"['967', '818', '225', '353', '3708', '951', '3713', '3774', '948', '151']"
964,Seagreen - Light,169.0,226.0,216.0,a9e2d8,"['3761', '3811', '3766', '3325', '827', '504', '966', '3813', '800', '813']"
966,Baby Green - Medium,185.0,215.0,192.0,b9d7c0,"['3813', '927', '164', '504', '3348', '524', '564', '955', '159', '168']"
967,Peach - Light,255.0,222.0,213.0,ffded5,"['225', '818', '951', '963', '948', '353', '3774', '3713', '543', '739']"
970,Pumpkin - Light,247.0,139.0,19.0,f78b13,"['740', '971', '741', '922', '972', '946', '783', '721', '720', '3853']"
971,Pumpkin,246.0,127.0,0.0,f67f00,"['740', '970', '946', '922', '720', '900', '783', '741', '972', '921']"
972,Canary - Deep,255.0,181.0,21.0,ffb515,"['741', '444', '970', '740', '725', '973', '971', '3853', '783', '729']"
973,Canary - Bright,255.0,227.0,0.0,ffe300,"['444', '972', '725', '741', '307', '726', '740', '970', '166', '742']"
974,Winnie The Pooh Gold 2,,,,,
975,Golden Brown - Dark,145.0,79.0,18.0,914f12,"['400', '780', '919', '920', '433', '918', '3777', '434', '781', '355']"
976,Golden Brown - Medium,194.0,129.0,66.0,c28142,"['435', '3776', '436', '3773', '3826', '167', '832', '407', '3852', '356']"
977,Golden Brown - Light,220.0,156.0,86.0,dc9c56,"['436', '3853', '3820', '729', '728', '832', '833', '3854', '3852', '722']"
986,Forest Green - Very Dark,64.0,82.0,48.0,405230,"['935', '936', '3021', '3799', '3031', '3346', '844', '838', '319', '934']"
987,Forest Green - Dark,88.0,113.0,65.0,587141,"['3362', '3051', '937', '520', '367', '3346', '3787', '535', '3815', '839']"
988,Forest Green - Medium,115.0,139.0,91.0,738b5b,"['3347', '3363', '320', '3364', '3011', '640', '3052', '367', '469', '502']"
989,Forest Green,141.0,166.0,117.0,8da675,"['522', '3053', '3022', '3052', '642', '3364', '913', '3012', '414', '954']"
991,Aquamarine - Dark,71.0,123.0,110.0,477b6e,"['163', '3847', '3850', '3815', '924', '3814', '3809', '505', '3808', '502']"
992,Aquamarine - Light,111.0,174.0,159.0,6fae9f,"['503', '807', '3849', '597', '954', '826', '3839', '3816', '563', '334']"
993,Aquamarine - Very Light,144.0,192.0,180.0,90c0b4,"['3817', '926', '598', '564', '932', '563', '3755', '955', '809', '519']"
995,Electric Blue - Dark,38.0,150.0,182.0,2696b6,"['806', '3844', '3760', '3843', '825', '518', '3810', '958', '3765', '3851']"
996,Electric Blue - Medium,48.0,194.0,236.0,30c2ec,"['3843', '3846', '3845', '3844', '959', '995', '807', '958', '597', '3851']"
3011,Khaki Green - Dark,137.0,138.0,88.0,898a58,"['3364', '3052', '640', '988', '840', '830', '611', '3363', '3347', '3863']"
3012,Khaki Green - Medium,166.0,167.0,93.0,a6a75d,"['370', '470', '831', '832', '733', '3045', '642', '371', '3828', '989']"
3013,Khaki Green - Light,185.0,185.0,130.0,b9b982,"['471', '734', '372', '371', '523', '3023', '3032', '422', '833', '841']"
3021,Brown Gray - Very Dark,79.0,75.0,65.0,4f4b41,"['844', '838', '3799', '779', '986', '413', '839', '3031', '936', '3787']"
3022,Brown Gray - Medium,142.0,144.0,120.0,8e9078,"['522', '3052', '169', '414', '646', '451', '989', '642', '3053', '3861']"
3023,Brown Gray - Light,177.0,170.0,151.0,b1aa97,"['647', '523', '3032', '318', '3042', '648', '368', '3013', '452', '3864']"
3024,Brown Gray - Very Light,235.0,234.0,231.0,ebeae7,"['3072', '762', 'Ecru', '928', '3753', '3774', '772', '775', '3770', '819']"
3031,Mocha Brown - Very Dark,75.0,60.0,42.0,4b3c2a,"['935', '838', '986', '3799', '3021', '936', '154', '898', '801', '934']"
3032,Mocha Brown - Medium,179.0,159.0,139.0,b39f8b,"['841', '3023', '647', '612', '523', '422', '642', '3053', '3859', '3013']"
3033,Mocha Brown - Very Light,227.0,216.0,204.0,e3d8cc,"['644', '3047', '822', '950', '453', '153', '151', '543', '3743', '415']"
3041,Antique Violet - Medium,149.0,111.0,124.0,956f7c,"['451', '3835', '646', '553', '169', '3726', '3861', '208', '640', '3022']"
3042,Antique Violet - Light,183.0,157.0,167.0,b79da7,"['3836', '647', '318', '3023', '648', '452', '523', '3032', '210', '3864']"
3045,Yellow Beige - Dark,188.0,150.0,106.0,bc966a,"['370', '3064', '612', '3828', '371', '3859', '841', '422', '407', '833']"
3046,Yellow Beige - Medium,216.0,188.0,154.0,d8bc9a,"['842', '3782', '3864', '437', '613', '676', '372', '738', '834', '758']"
3047,Yellow Beige - Light,231.0,214.0,193.0,e7d6c1,"['950', '3033', '644', '754', '453', '945', '543', '822', '3779', '151']"
3051,Green Gray - Dark,95.0,102.0,72.0,5f6648,"['3362', '520', '3787', '987', '535', '3781', '839', '367', '413', '937']"
3052,Green Gray - Medium,136.0,146.0,104.0,889268,"['3364', '3022', '3011', '646', '640', '989', '988', '3347', '451', '522']"
3053,Green Gray,156.0,164.0,130.0,9ca482,"['522', '642', '989', '3032', '3022', '841', '523', '3861', '3023', '414']"
3064,Desert Sand,196.0,142.0,112.0,c48e70,"['3045', '3859', '612', '223', '3828', '422', '407', '370', '3778', '841']"
3072,Beaver Gray - Very Light,230.0,232.0,232.0,e6e8e8,"['3024', '762', '928', '3753', '775', 'Ecru', '162', '772', '822', '3774']"
3078,Golden Yellow - Very Light,253.0,249.0,205.0,fdf9cd,"['677', '739', '948', '3823', '951', 'Ecru', '543', '3770', '225', '3774']"
3325,Baby Blue - Light,184.0,210.0,230.0,b8d2e6,"['800', '827', '3761', '3811', '3752', '157', '341', '159', '3840', '3841']"
3326,Rose - Light,251.0,173.0,180.0,fbadb4,"['776', '957', '3706', '760', '894', '604', '603', '3716', '3771', '224']"
3328,Salmon - Dark,227.0,109.0,109.0,e36d6d,"['351', '961', '3731', '3832', '3687', '335', '3778', '899', '356', '3340']"
3340,Apricot - Medium,255.0,131.0,111.0,ff836f,"['722', '3712', '892', '899', '351', '947', '3328', '3705', '956', '962']"
3341,Apricot,252.0,171.0,152.0,fcab98,"['758', '352', '3825', '760', '3771', '956', '3326', '152', '893', '3688']"
3345,Hunter Green - Dark,27.0,89.0,21.0,1b5915,"['890', '895', '699', '319', '700', '934', '3818', '500', '935', '986']"
3346,Hunter Green,64.0,106.0,58.0,406a3a,"['561', '501', '987', '986', '936', '3362', '3051', '3815', '904', '3021']"
3347,Yellow Green - Medium,113.0,147.0,92.0,71935c,"['988', '320', '3363', '3364', '3011', '3052', '502', '367', '640', '562']"
3348,Yellow Green - Light,204.0,217.0,177.0,ccd9b1,"['164', '524', '966', '613', '504', '3813', '472', '453', '644', '3047']"
3350,Dusty Rose - Ultra Dark,188.0,67.0,101.0,bc4365,"['600', '3803', '326', '3721', '601', '3831', '309', '3832', '3607', '3830']"
3354,Dusty Rose - Light,228.0,166.0,172.0,e4a6ac,"['3688', '3727', '760', '224', '152', '758', '778', '3326', '3771', '3608']"
3362,Pine Green - Dark,94.0,107.0,71.0,5e6b47,"['3051', '987', '520', '3787', '367', '535', '937', '3781', '839', '413']"
3363,Pine Green - Medium,114.0,130.0,86.0,728256,"['988', '320', '3347', '367', '640', '3011', '520', '469', '3790', '3364']"
3364,Pine Green,131.0,151.0,95.0,83975f,"['3052', '3011', '3347', '988', '640', '3022', '989', '3363', '320', '470']"
3371,Black Brown,30.0,17.0,8.0,1e1108,"['938', '310', '934', '898', '890', '895', '3031', '3345', '154', '935']"
3607,Plum - Light,197.0,73.0,137.0,c54989,"['602', '3832', '3731', '3350', '3687', '553', '316', '3805', '3804', '600']"
3608,Plum - Very Light,234.0,156.0,196.0,ea9cc4,"['603', '3354', '3609', '3727', '778', '3688', '3706', '554', '3326', '776']"
3609,Plum - Ultra Light,244.0,174.0,213.0,f4aed5,"['605', '604', '3689', '3608', '3706', '554', '603', '894', '776', '3716']"
3684,Garnet - Extremely Dark,,,,,
3685,Mauve - Very Dark,136.0,21.0,49.0,881531,"['902', '816', '815', '915', '3777', '498', '814', '777', '3857', '917']"
3687,Mauve,201.0,107.0,112.0,c96b70,"['961', '3722', '356', '316', '3731', '3328', '223', '3832', '407', '351']"
3688,Mauve - Medium,231.0,169.0,172.0,e7a9ac,"['3354', '3727', '760', '224', '758', '778', '152', '3326', '3771', '776']"
3689,Mauve - Light,251.0,191.0,194.0,fbbfc2,"['3716', '605', '761', '3779', '754', '3824', '894', '604', '957', '776']"
3705,Melon - Dark,255.0,121.0,146.0,ff7992,"['892', '899', '3712', '956', '3833', '893', '3733', '962', '3806', '352']"
3706,Melon - Medium,255.0,173.0,188.0,ffadbc,"['604', '894', '776', '3326', '603', '957', '3716', '760', '3689', '605']"
3708,Melon - Light,255.0,203.0,213.0,ffcbd5,"['761', '963', '605', '3779', '353', '151', '967', '3824', '225', '818']"
3712,Salmon - Medium,241.0,135.0,135.0,f18787,"['962', '899', '3833', '956', '892', '3733', '3705', '3340', '3778', '352']"
3713,Salmon - Very Light,255.0,226.0,226.0,ffe2e2,"['818', '948', '3770', '225', '967', '819', '963', '3774', 'Ecru', '951']"
3716,Dusty Rose - Very Light,255.0,189.0,189.0,ffbdbd,"['3689', '894', '957', '604', '776', '3706', '754', '605', '3824', '761']"
3721,Shell Pink - Dark,161.0,75.0,81.0,a14b51,"['3858', '326', '3803', '3726', '3830', '355', '777', '221', '315', '3772']"
3722,Shell Pink - Medium,188.0,108.0,100.0,bc6c64,"['356', '3687', '3773', '407', '961', '316', '435', '3828', '3863', '3772']"
3726,Antique Mauve - Dark,155.0,91.0,102.0,9b5b66,"['3721', '3772', '3835', '3041', '611', '3860', '840', '3862', '3740', '451']"
3727,Antique Mauve - Light,219.0,169.0,178.0,dba9b2,"['3354', '3688', '778', '224', '3782', '842', '760', '3608', '554', '152']"
3731,Dusty Rose - Very Dark,218.0,103.0,131.0,da6783,"['961', '3328', '3687', '3832', '899', '351', '223', '335', '602', '3778']"
3733,Dusty Rose,232.0,135.0,155.0,e8879b,"['3833', '962', '3712', '893', '152', '956', '899', '3705', '352', '3806']"
3740,Antique Violet - Dark,120.0,87.0,98.0,785762,"['3860', '645', '315', '3790', '317', '535', '610', '3787', '552', '3834']"
3743,Antique Violet - Very Light,215.0,203.0,211.0,d7cbd3,"['453', '168', '415', '153', '644', '159', '3752', '3033', '211', '151']"
3746,Blue Violet - Dark,119.0,107.0,152.0,776b98,"['793', '208', '161', '3807', '3838', '931', '169', '3768', '3835', '3839']"
3747,Blue Violet - Very Light,211.0,215.0,237.0,d3d7ed,"['3841', '3753', '928', '775', '828', '211', '3752', '827', '415', '162']"
3750,Antique Blue - Very Dark,56.0,76.0,94.0,384c5e,"['791', '158', '844', '930', '311', '3799', '413', '336', '3808', '803']"
3752,Antique Blue - Very Light,199.0,209.0,219.0,c7d1db,"['159', '800', '415', '168', '157', '3325', '3743', '927', '504', '3747']"
3753,Antique Blue - Ultra Very Light,219.0,226.0,233.0,dbe2e9,"['928', '775', '3072', '3747', '3841', '162', '3024', '762', '828', '772']"
3755,Baby Blue,147.0,180.0,206.0,93b4ce,"['809', '598', '932', '156', '813', '519', '794', '993', '3766', '340']"
3756,Baby Blue - Light,238.0,252.0,252.0,eefcfc,"['747', 'White', '3865', 'B5200', '3866', '746', '712', '762', '162', '3024']"
3760,Wedgewood - Medium,62.0,133.0,162.0,3e85a2,"['825', '3810', '806', '518', '517', '3765', '3809', '3848', '943', '3812']"
3761,Sky Blue - Light,172.0,216.0,226.0,acd8e2,"['3325', '964', '3811', '827', '3766', '800', '3840', '813', '157', '341']"
3765,Peacock Blue - Very Dark,52.0,127.0,140.0,347f8c,"['517', '3809', '3812', '3850', '3847', '824', '943', '3760', '312', '798']"
3766,Peacock Blue - Light,153.0,207.0,217.0,99cfd9,"['813', '598', '3761', '964', '3840', '3755', '932', '3325', '341', '156']"
3768,Gray Green - Dark,101.0,127.0,127.0,657f7f,"['502', '3814', '3838', '3807', '317', '169', '3848', '931', '924', '991']"
3770,Tawny - Very Light,255.0,238.0,227.0,ffeee3,"['819', '948', '3713', '3823', '3866', '3865', '712', 'Ecru', '818', '746']"
3771,Peach - Dark,244.0,187.0,169.0,f4bba9,"['224', '760', '957', '3326', '776', '3825', '738', '3688', '758', '3716']"
3772,Desert Sand - Very Dark,160.0,108.0,80.0,a06c50,"['420', '611', '167', '840', '3862', '830', '3773', '3863', '3826', '435']"
3773,Desert Sand - Medium,182.0,117.0,82.0,b67552,"['435', '167', '407', '356', '3722', '976', '3772', '3863', '3828', '3826']"
3774,Desert Sand - Very Light,243.0,225.0,215.0,f3e1d7,"['543', 'Ecru', '818', '225', '967', '822', '948', '951', '963', '739']"
3776,Mahogany - Light,207.0,121.0,57.0,cf7939,"['976', '435', '922', '783', '436', '3826', '3773', '3852', '721', '356']"
3777,Terra Cotta - Very Dark,134.0,48.0,34.0,863022,"['902', '433', '918', '400', '3685', '3857', '355', '801', '221', '975']"
3778,Terra Cotta - Light,217.0,137.0,120.0,d98978,"['223', '962', '3064', '961', '3712', '422', '3859', '3328', '612', '722']"
3779,Terra Cotta - Ultra Very Light,248.0,202.0,200.0,f8cac8,"['761', '3824', '754', '3689', '605', '950', '3708', '353', '151', '945']"
3781,Mocha Brown - Dark,107.0,87.0,67.0,6b5743,"['839', '779', '3787', '610', '3051', '3802', '3362', '520', '838', '535']"
3782,Mocha Brown - Light,210.0,188.0,166.0,d2bca6,"['842', '613', '3046', '3864', '452', '524', '648', '3727', '778', '224']"
3787,Brown Gray - Dark,98.0,93.0,80.0,625d50,"['535', '3051', '413', '520', '3781', '3362', '839', '645', '779', '610']"
3790,Beige Gray - Ultra Dark,127.0,106.0,85.0,7f6a55,"['3860', '3862', '610', '829', '645', '640', '830', '3740', '520', '611']"
3799,Pewter Gray - Very Dark,66.0,66.0,66.0,424242,"['844', '3021', '986', '3031', '838', '3750', '791', '779', '413', '935']"
3801,Melon - Very Dark,231.0,73.0,103.0,e74967,"['602', '335', '3832', '891', '350', '351', '309', '3328', '3804', '600']"
3802,Antique Mauve - Very Dark,113.0,65.0,73.0,714149,"['779', '315', '3834', '3781', '839', '221', '838', '610', '3787', '3860']"
3803,Mauve - Dark,171.0,51.0,87.0,ab3357,"['326', '3831', '718', '3721', '3350', '777', '917', '600', '3858', '321']"
3804,Cyclamen Pink - Dark,224.0,40.0,118.0,e02876,"['601', '600', '309', '602', '3801', '3805', '3832', '3607', '335', '3350']"
3805,Cyclamen Pink,243.0,71.0,139.0,f3478b,"['602', '891', '335', '3801', '3832', '3731', '3804', '3607', '899', '3328']"
3806,Cyclamen Pink - Light,255.0,140.0,174.0,ff8cae,"['893', '352', '603', '956', '3733', '3833', '3326', '3705', '3608', '760']"
3807,Cornflower Blue,96.0,103.0,140.0,60678c,"['3838', '792', '3746', '798', '3768', '333', '317', '793', '924', '931']"
3808,Turquoise - Ultra Very Dark,54.0,105.0,112.0,366970,"['3842', '930', '3847', '803', '824', '991', '312', '3850', '505', '3809']"
3809,Turquoise - Very Dark,63.0,124.0,133.0,3f7c85,"['517', '3765', '3850', '3847', '824', '798', '3812', '943', '3814', '991']"
3810,Turquoise - Dark,72.0,142.0,154.0,488e9a,"['518', '3760', '3848', '806', '825', '943', '3765', '3809', '517', '3814']"
3811,Turquoise - Very Light,188.0,227.0,230.0,bce3e6,"['827', '828', '3325', '3841', '3761', '964', '3752', '800', '3747', '504']"
3812,Seagreen - Very Dark,47.0,140.0,132.0,2f8c84,"['943', '3765', '3850', '3847', '3809', '517', '3810', '3814', '3760', '505']"
3813,Blue Green - Light,178.0,212.0,189.0,b2d4bd,"['966', '564', '927', '955', '164', '504', '524', '3348', '964', '157']"
3814,Aquamarine,80.0,139.0,125.0,508b7d,"['502', '943', '562', '3848', '991', '3809', '3768', '3850', '163', '3810']"
3815,Celadon Green - Dark,71.0,119.0,89.0,477759,"['163', '501', '991', '505', '924', '367', '987', '3362', '3808', '535']"
3816,Celadon Green,101.0,165.0,125.0,65a57d,"['913', '502', '562', '3848', '503', '3814', '992', '3768', '3347', '989']"
3817,Celadon Green - Light,153.0,195.0,170.0,99c3aa,"['993', '564', '563', '955', '926', '368', '318', '954', '523', '932']"
3818,Emerald Green - Ultra Very Dark,17.0,90.0,59.0,115a3b,"['500', '319', '909', '890', '561', '3345', '699', '700', '311', '910']"
3819,Moss Green - Light,224.0,232.0,104.0,e0e868,"['907', '3821', '307', '726', '743', '834', '472', '734', '445', '3820']"
3820,Straw - Dark,223.0,182.0,95.0,dfb65f,"['728', '3854', '977', '833', '834', '742', '3827', '734', '402', '3821']"
3821,Straw,243.0,206.0,117.0,f3ce75,"['743', '3827', '834', '728', '3854', '3855', '726', '3819', '437', '742']"
3822,Straw - Light,246.0,220.0,152.0,f6dc98,"['3855', '744', '738', '676', '745', '165', '472', '3856', '3825', '727']"
3823,Yellow - Ultra Pale,255.0,253.0,227.0,fffde3,"['746', '712', '3770', '3866', '3865', '819', 'White', '3078', '948', 'Ecru']"
3824,Apricot - Light,254.0,205.0,194.0,fecdc2,"['754', '761', '3779', '945', '353', '3689', '3856', '3716', '605', '950']"
3825,Pumpkin - Pale,253.0,189.0,150.0,fdbd96,"['3341', '3771', '3855', '738', '758', '437', '760', '676', '224', '3827']"
3826,Golden Brown,173.0,114.0,57.0,ad7239,"['420', '435', '167', '301', '782', '3773', '3772', '976', '781', '434']"
3827,Golden Brown - Pale,247.0,187.0,119.0,f7bb77,"['3821', '3854', '402', '743', '728', '834', '437', '3825', '742', '3820']"
3828,Hazelnut Brown,183.0,139.0,97.0,b78b61,"['407', '3045', '831', '370', '3064', '3863', '832', '436', '3773', '3859']"
3829,Old Gold - Very Dark,169.0,130.0,4.0,a98204,"['680', '782', '781', '780', '921', '920', '783', '301', '732', '3826']"
3830,Terra Cotta,185.0,85.0,68.0,b95544,"['326', '301', '3721', '3826', '356', '435', '3773', '3772', '420', '3858']"
3831,Raspberry - Dark,179.0,47.0,72.0,b32f48,"['326', '3803', '321', '304', '347', '3721', '777', '3350', '718', '600']"
3832,Raspberry - Medium,219.0,85.0,110.0,db556e,"['602', '3801', '335', '3328', '351', '3731', '3687', '961', '356', '891']"
3833,Raspberry - Light,234.0,134.0,153.0,ea8699,"['3733', '962', '3712', '893', '899', '956', '3705', '152', '892', '352']"
3834,Grape - Dark,114.0,55.0,93.0,72375d,"['327', '3837', '552', '3802', '315', '3740', '221', '779', '777', '3860']"
3835,Grape - Medium,148.0,96.0,131.0,946083,"['3041', '553', '208', '3726', '451', '646', '3746', '169', '316', '3861']"
3836,Grape - Light,186.0,145.0,170.0,ba91aa,"['3042', '647', '210', '318', '209', '3023', '3032', '452', '648', '155']"
3837,Lavender - Ultra Dark,108.0,58.0,110.0,6c3a6e,"['327', '3834', '552', '333', '3740', '3802', '315', '158', '791', '792']"
3838,Lavender Blue - Dark,92.0,114.0,148.0,5c7294,"['3807', '798', '931', '3768', '793', '3746', '825', '517', '3848', '3809']"
3839,Lavender Blue - Medium,123.0,142.0,171.0,7b8eab,"['799', '161', '793', '931', '334', '826', '155', '794', '414', '322']"
3840,Lavender Blue - Light,176.0,192.0,218.0,b0c0da,"['341', '157', '813', '800', '927', '3325', '156', '159', '3761', '932']"
3841,Baby Blue - Pale,205.0,223.0,237.0,cddfed,"['3747', '828', '3753', '827', '775', '3811', '928', '162', '3752', '3325']"
3842,Wedgewood - Dark,50.0,102.0,124.0,32667c,"['3808', '824', '803', '312', '930', '3847', '517', '3809', '798', '3765']"
3843,Electric Blue,20.0,170.0,208.0,14aad0,"['3844', '3845', '995', '996', '3846', '806', '958', '3851', '3760', '518']"
3844,Bright Turquoise - Dark,18.0,174.0,186.0,12aeba,"['3843', '3845', '995', '958', '806', '3851', '996', '3760', '3849', '518']"
3845,Bright Turquoise - Medium,4.0,196.0,202.0,04c4ca,"['3844', '3843', '3846', '996', '995', '958', '3851', '806', '959', '3849']"
3846,Bright Turquoise - Light,6.0,227.0,230.0,06e3e6,"['3845', '996', '3843', '3844', '995', '958', '959', '3851', '3849', '806']"
3847,Teal Green - Dark,52.0,125.0,117.0,347d75,"['3850', '3809', '505', '991', '3808', '3812', '3765', '3842', '824', '517']"
3848,Teal Green - Medium,85.0,147.0,146.0,559392,"['3810', '518', '3814', '943', '931', '825', '806', '3760', '3768', '3816']"
3849,Teal Green - Light,82.0,179.0,164.0,52b3a4,"['3851', '958', '597', '959', '807', '992', '518', '806', '3848', '3810']"
3850,Bright Green - Dark,55.0,132.0,119.0,378477,"['3847', '3812', '3809', '991', '943', '505', '3765', '3814', '3808', '517']"
3851,Bright Green - Light,73.0,179.0,161.0,49b3a1,"['3849', '958', '597', '959', '806', '518', '3848', '807', '3810', '992']"
3852,Straw - Very Dark,205.0,157.0,55.0,cd9d37,"['729', '783', '436', '832', '976', '977', '733', '3776', '3853', '581']"
3853,Autumn Gold - Dark,242.0,151.0,70.0,f29746,"['977', '721', '947', '741', '729', '3852', '436', '722', '3854', '3820']"
3854,Autumn Gold - Medium,242.0,175.0,104.0,f2af68,"['728', '402', '3827', '3820', '722', '742', '3821', '977', '834', '743']"
3855,Autumn Gold - Light,250.0,211.0,150.0,fad396,"['3822', '738', '744', '676', '3825', '3771', '3856', '745', '743', '437']"
3856,Mahogany - Ultra Very Light,255.0,211.0,181.0,ffd3b5,"['945', '3824', '754', '3779', '761', '950', '353', '745', '3716', '3689']"
3857,Rosewood - Dark,104.0,37.0,26.0,68251a,"['801', '300', '154', '898', '3777', '918', '433', '902', '3031', '814']"
3858,Rosewood - Medium,150.0,74.0,63.0,964a3f,"['355', '221', '632', '3721', '777', '434', '869', '315', '326', '3830']"
3859,Rosewood - Light,186.0,139.0,124.0,ba8b7c,"['612', '3064', '841', '223', '3861', '3045', '422', '316', '642', '3032']"
3860,Cocoa,125.0,93.0,87.0,7d5d57,"['3790', '3740', '610', '645', '315', '3862', '829', '535', '3781', '3787']"
3861,Cocoa - Light,166.0,136.0,129.0,a68881,"['642', '3859', '841', '3022', '316', '522', '3032', '451', '414', '3053']"
3862,Mocha Beige - Dark,138.0,110.0,78.0,8a6e4e,"['830', '3790', '611', '829', '3772', '610', '3860', '640', '420', '840']"
3863,Mocha Beige - Medium,164.0,131.0,92.0,a4835c,"['840', '831', '611', '167', '3828', '407', '3773', '3772', '3011', '830']"
3864,Mocha Beige - Light,203.0,182.0,156.0,cbb69c,"['842', '3782', '3046', '452', '648', '372', '613', '524', '3023', '437']"
3865,Winter White,249.0,247.0,241.0,f9f7f1,"['3866', '746', '712', 'White', '819', '3756', '3823', 'B5200', '3770', '762']"
3866,Mocha Brown - Ultra Very Light,250.0,246.0,240.0,faf6f0,"['3865', '746', '712', 'White', '819', '3823', '3770', '762', '3756', 'B5200']"